onset	duration	sample	value
0	n/a	0	boundary
15.384	0.001	15384	S  2
18.412	0.001	18412	S 11
18.614	0.001	18614	S 21
19.415	0.001	19415	S 31
19.617	0.001	19617	S 41
20.418	0.001	20418	S 51
20.619	0.001	20619	S 61
21.421	0.001	21421	S 71
21.623	0.001	21623	S 81
22.424	0.001	22424	S 91
23.928	0.001	23928	S101
24.129	0.001	24129	S111
25.025	0.001	25025	S254
26.95	0.001	26950	S 14
27.152	0.001	27152	S 24
27.953	0.001	27953	S 34
28.155	0.001	28155	S 44
28.96	0.001	28960	S 54
29.158	0.001	29158	S 64
29.965	0.001	29965	S 74
30.168	0.001	30168	S 84
30.969	0.001	30969	S 94
32.472	0.001	32472	S104
32.674	0.001	32674	S114
34.009	0.001	34009	S254
35.495	0.001	35495	S 18
35.697	0.001	35697	S 28
36.498	0.001	36498	S 38
36.7	0.001	36700	S 48
37.5	0.001	37500	S 58
37.703	0.001	37703	S 68
38.504	0.001	38504	S 78
38.706	0.001	38706	S 88
39.506	0.001	39506	S 98
41.01	0.001	41010	S108
41.212	0.001	41212	S118
42.297	0.001	42297	S254
44.032	0.001	44032	S 17
44.235	0.001	44235	S 27
45.035	0.001	45035	S 37
45.237	0.001	45237	S 47
46.039	0.001	46039	S 57
46.24	0.001	46240	S 67
47.045	0.001	47045	S 77
47.244	0.001	47244	S 87
48.045	0.001	48045	S 97
49.549	0.001	49549	S107
49.75	0.001	49750	S117
51.266	0.001	51266	S254
52.57	0.001	52570	S 17
52.774	0.001	52774	S 27
53.574	0.001	53574	S 37
53.775	0.001	53775	S 47
54.577	0.001	54577	S 57
54.779	0.001	54779	S 67
55.58	0.001	55580	S 77
55.781	0.001	55781	S 87
56.582	0.001	56582	S 97
58.087	0.001	58087	S107
58.288	0.001	58288	S117
59.297	0.001	59297	S254
61.108	0.001	61108	S 17
61.311	0.001	61311	S 27
62.113	0.001	62113	S 37
62.314	0.001	62314	S 47
63.114	0.001	63114	S 57
63.317	0.001	63317	S 67
64.118	0.001	64118	S 77
64.32	0.001	64320	S 87
65.121	0.001	65121	S 97
66.625	0.001	66625	S107
66.826	0.001	66826	S117
67.914	0.001	67914	S254
69.646	0.001	69646	S 15
69.849	0.001	69849	S 25
70.649	0.001	70649	S 35
70.855	0.001	70855	S 45
71.653	0.001	71653	S 55
71.855	0.001	71855	S 65
72.656	0.001	72656	S 75
72.858	0.001	72858	S 85
73.659	0.001	73659	S 95
75.163	0.001	75163	S105
75.364	0.001	75364	S115
77.442	0.001	77442	S254
78.184	0.001	78184	S 12
78.387	0.001	78387	S 22
79.188	0.001	79188	S 32
79.39	0.001	79390	S 42
80.191	0.001	80191	S 52
80.393	0.001	80393	S 62
81.194	0.001	81194	S 72
81.395	0.001	81395	S 82
82.196	0.001	82196	S 92
83.701	0.001	83701	S102
83.902	0.001	83902	S112
84.458	0.001	84458	S254
86.722	0.001	86722	S 11
86.925	0.001	86925	S 21
87.725	0.001	87725	S 31
87.928	0.001	87928	S 41
88.729	0.001	88729	S 51
88.931	0.001	88931	S 61
89.732	0.001	89732	S 71
89.934	0.001	89934	S 81
90.735	0.001	90735	S 91
92.239	0.001	92239	S101
92.44	0.001	92440	S111
93.522	0.001	93522	S254
95.26	0.001	95260	S 18
95.463	0.001	95463	S 28
96.263	0.001	96263	S 38
96.465	0.001	96465	S 48
97.267	0.001	97267	S 58
97.469	0.001	97469	S 68
98.274	0.001	98274	S 78
98.472	0.001	98472	S 88
99.272	0.001	99272	S 98
100.776	0.001	100776	S108
100.978	0.001	100978	S118
102.042	0.001	102042	S254
103.798	0.001	103798	S 15
104.001	0.001	104001	S 25
104.801	0.001	104801	S 35
105.004	0.001	105004	S 45
105.805	0.001	105805	S 55
106.007	0.001	106007	S 65
106.809	0.001	106809	S 75
107.01	0.001	107010	S 85
107.81	0.001	107810	S 95
109.315	0.001	109315	S105
109.516	0.001	109516	S115
109.978	0.001	109978	S254
112.336	0.001	112336	S 14
112.538	0.001	112538	S 24
113.341	0.001	113341	S 34
113.542	0.001	113542	S 44
114.343	0.001	114343	S 54
114.544	0.001	114544	S 64
115.346	0.001	115346	S 74
115.547	0.001	115547	S 84
116.349	0.001	116349	S 94
117.853	0.001	117853	S104
118.054	0.001	118054	S114
119.658	0.001	119658	S254
120.874	0.001	120874	S 12
121.077	0.001	121077	S 22
121.879	0.001	121879	S 32
122.08	0.001	122080	S 42
122.881	0.001	122881	S 52
123.083	0.001	123083	S 62
123.884	0.001	123884	S 72
124.085	0.001	124085	S 82
124.887	0.001	124887	S 92
126.391	0.001	126391	S102
126.592	0.001	126592	S112
127.595	0.001	127595	S254
129.412	0.001	129412	S 15
129.615	0.001	129615	S 25
130.415	0.001	130415	S 35
130.618	0.001	130618	S 45
131.423	0.001	131423	S 55
131.62	0.001	131620	S 65
132.422	0.001	132422	S 75
132.623	0.001	132623	S 85
133.424	0.001	133424	S 95
134.929	0.001	134929	S105
135.13	0.001	135130	S115
135.971	0.001	135971	S254
137.95	0.001	137950	S 16
138.153	0.001	138153	S 26
138.953	0.001	138953	S 36
139.155	0.001	139155	S 46
139.961	0.001	139961	S 56
140.159	0.001	140159	S 66
140.96	0.001	140960	S 76
141.161	0.001	141161	S 86
141.962	0.001	141962	S 96
143.467	0.001	143467	S106
143.668	0.001	143668	S116
144.635	0.001	144635	S254
146.488	0.001	146488	S 17
146.691	0.001	146691	S 27
147.491	0.001	147491	S 37
147.694	0.001	147694	S 47
148.494	0.001	148494	S 57
148.697	0.001	148697	S 67
149.498	0.001	149498	S 77
149.7	0.001	149700	S 87
150.5	0.001	150500	S 97
152.005	0.001	152005	S107
152.206	0.001	152206	S117
154.795	0.001	154795	S254
155.026	0.001	155026	S 16
155.229	0.001	155229	S 26
156.029	0.001	156029	S 36
156.232	0.001	156232	S 46
157.033	0.001	157033	S 56
157.235	0.001	157235	S 66
158.04	0.001	158040	S 76
158.238	0.001	158238	S 86
159.038	0.001	159038	S 96
160.543	0.001	160543	S106
160.744	0.001	160744	S116
161.499	0.001	161499	S254
163.564	0.001	163564	S 18
163.767	0.001	163767	S 28
164.567	0.001	164567	S 38
164.77	0.001	164770	S 48
165.571	0.001	165571	S 58
165.773	0.001	165773	S 68
166.573	0.001	166573	S 78
166.775	0.001	166775	S 88
167.576	0.001	167576	S 98
169.081	0.001	169081	S108
169.282	0.001	169282	S118
170.539	0.001	170539	S254
172.102	0.001	172102	S 16
172.305	0.001	172305	S 26
173.106	0.001	173106	S 36
173.308	0.001	173308	S 46
174.109	0.001	174109	S 56
174.311	0.001	174311	S 66
175.112	0.001	175112	S 76
175.313	0.001	175313	S 86
176.114	0.001	176114	S 96
177.618	0.001	177618	S106
177.82	0.001	177820	S116
178.715	0.001	178715	S254
180.64	0.001	180640	S 13
180.843	0.001	180843	S 23
181.643	0.001	181643	S 33
181.848	0.001	181848	S 43
182.647	0.001	182647	S 53
182.849	0.001	182849	S 63
183.649	0.001	183649	S 73
183.851	0.001	183851	S 83
184.652	0.001	184652	S 93
186.157	0.001	186157	S103
186.358	0.001	186358	S113
187.459	0.001	187459	S254
189.178	0.001	189178	S 12
189.381	0.001	189381	S 22
190.181	0.001	190181	S 32
190.384	0.001	190384	S 42
191.189	0.001	191189	S 52
191.387	0.001	191387	S 62
192.187	0.001	192187	S 72
192.389	0.001	192389	S 82
193.19	0.001	193190	S 92
194.695	0.001	194695	S102
194.896	0.001	194896	S112
196.891	0.001	196891	S254
197.716	0.001	197716	S 13
197.918	0.001	197918	S 23
198.719	0.001	198719	S 33
198.922	0.001	198922	S 43
199.722	0.001	199722	S 53
199.924	0.001	199924	S 63
200.726	0.001	200726	S 73
200.927	0.001	200927	S 83
201.728	0.001	201728	S 93
203.233	0.001	203233	S103
203.434	0.001	203434	S113
204.043	0.001	204043	S254
206.254	0.001	206254	S 18
206.457	0.001	206457	S 28
207.257	0.001	207257	S 38
207.459	0.001	207459	S 48
208.261	0.001	208261	S 58
208.462	0.001	208462	S 68
209.267	0.001	209267	S 78
209.465	0.001	209465	S 88
210.266	0.001	210266	S 98
211.77	0.001	211770	S108
211.972	0.001	211972	S118
212.9	0.001	212900	S254
214.792	0.001	214792	S 13
214.994	0.001	214994	S 23
215.795	0.001	215795	S 33
215.998	0.001	215998	S 43
216.799	0.001	216799	S 53
217	0.001	217000	S 63
217.802	0.001	217802	S 73
218.003	0.001	218003	S 83
218.804	0.001	218804	S 93
220.308	0.001	220308	S103
220.51	0.001	220510	S113
221.764	0.001	221764	S254
223.33	0.001	223330	S 14
223.533	0.001	223533	S 24
224.334	0.001	224334	S 34
224.535	0.001	224535	S 44
225.336	0.001	225336	S 54
225.538	0.001	225538	S 64
226.34	0.001	226340	S 74
226.541	0.001	226541	S 84
227.342	0.001	227342	S 94
228.847	0.001	228847	S104
229.048	0.001	229048	S114
231.1	0.001	231100	S254
231.868	0.001	231868	S 16
232.071	0.001	232071	S 26
232.873	0.001	232873	S 36
233.074	0.001	233074	S 46
233.874	0.001	233874	S 56
234.076	0.001	234076	S 66
234.877	0.001	234877	S 76
235.079	0.001	235079	S 86
235.88	0.001	235880	S 96
237.384	0.001	237384	S106
237.586	0.001	237586	S116
238.82	0.001	238820	S254
240.406	0.001	240406	S 12
240.609	0.001	240609	S 22
241.409	0.001	241409	S 32
241.612	0.001	241612	S 42
242.414	0.001	242414	S 52
242.614	0.001	242614	S 62
243.415	0.001	243415	S 72
243.617	0.001	243617	S 82
244.418	0.001	244418	S 92
245.922	0.001	245922	S102
246.124	0.001	246124	S112
248.348	0.001	248348	S254
248.944	0.001	248944	S 11
249.147	0.001	249147	S 21
249.947	0.001	249947	S 31
250.15	0.001	250150	S 41
250.952	0.001	250952	S 51
251.152	0.001	251152	S 61
251.953	0.001	251953	S 71
252.155	0.001	252155	S 81
252.956	0.001	252956	S 91
254.46	0.001	254460	S101
254.662	0.001	254662	S111
255.892	0.001	255892	S254
257.482	0.001	257482	S 13
257.685	0.001	257685	S 23
258.486	0.001	258486	S 33
258.688	0.001	258688	S 43
259.488	0.001	259488	S 53
259.69	0.001	259690	S 63
260.495	0.001	260495	S 73
260.693	0.001	260693	S 83
261.494	0.001	261494	S 93
262.998	0.001	262998	S103
263.2	0.001	263200	S113
264.908	0.001	264908	S254
266.02	0.001	266020	S 14
266.223	0.001	266223	S 24
267.023	0.001	267023	S 34
267.226	0.001	267226	S 44
268.027	0.001	268027	S 54
268.228	0.001	268228	S 64
269.033	0.001	269033	S 74
269.231	0.001	269231	S 84
270.032	0.001	270032	S 94
271.536	0.001	271536	S104
271.738	0.001	271738	S114
273.324	0.001	273324	S254
274.558	0.001	274558	S 11
274.761	0.001	274761	S 21
275.562	0.001	275562	S 31
275.763	0.001	275763	S 41
276.564	0.001	276564	S 51
276.766	0.001	276766	S 61
277.567	0.001	277567	S 71
277.769	0.001	277769	S 81
278.57	0.001	278570	S 91
280.074	0.001	280074	S101
280.276	0.001	280276	S111
281.66	0.001	281660	S254
283.096	0.001	283096	S 15
283.299	0.001	283299	S 25
284.101	0.001	284101	S 35
284.302	0.001	284302	S 45
285.103	0.001	285103	S 55
285.304	0.001	285304	S 65
286.105	0.001	286105	S 75
286.307	0.001	286307	S 85
287.108	0.001	287108	S 95
288.612	0.001	288612	S105
288.814	0.001	288814	S115
289.741	0.001	289741	S254
299.195	0.001	299195	S  3
302.22	0.001	302220	S156
302.422	0.001	302422	S166
304.936	0.001	304936	S154
305.138	0.001	305138	S164
307.652	0.001	307652	S152
307.854	0.001	307854	S162
310.368	0.001	310368	S171
310.57	0.001	310570	S181
311.029	0.001	311029	S254
313.084	0.001	313084	S155
313.286	0.001	313286	S165
315.8	0.001	315800	S153
316.002	0.001	316002	S163
318.516	0.001	318516	S158
318.718	0.001	318718	S168
321.231	0.001	321231	S151
321.434	0.001	321434	S161
323.948	0.001	323948	S172
324.15	0.001	324150	S182
324.541	0.001	324541	S254
326.664	0.001	326664	S155
326.866	0.001	326866	S165
329.38	0.001	329380	S154
329.582	0.001	329582	S164
332.096	0.001	332096	S151
332.298	0.001	332298	S161
334.812	0.001	334812	S158
335.014	0.001	335014	S168
337.528	0.001	337528	S177
337.73	0.001	337730	S187
338.045	0.001	338045	S254
340.244	0.001	340244	S151
340.446	0.001	340446	S161
342.96	0.001	342960	S156
343.162	0.001	343162	S166
345.676	0.001	345676	S175
345.878	0.001	345878	S185
346.229	0.001	346229	S254
348.399	0.001	348399	S152
348.601	0.001	348601	S162
351.121	0.001	351121	S153
351.324	0.001	351324	S163
353.838	0.001	353838	S158
354.04	0.001	354040	S168
356.553	0.001	356553	S153
356.755	0.001	356755	S163
359.269	0.001	359269	S174
359.471	0.001	359471	S184
359.661	0.001	359661	S254
361.985	0.001	361985	S152
362.188	0.001	362188	S162
364.701	0.001	364701	S157
364.904	0.001	364904	S167
367.417	0.001	367417	S156
367.62	0.001	367620	S166
370.133	0.001	370133	S157
370.336	0.001	370336	S167
372.849	0.001	372849	S155
373.051	0.001	373051	S165
375.565	0.001	375565	S176
375.767	0.001	375767	S186
376.038	0.001	376038	S254
378.289	0.001	378289	S158
378.491	0.001	378491	S168
381.004	0.001	381004	S153
381.206	0.001	381206	S163
383.72	0.001	383720	S157
383.922	0.001	383922	S167
386.436	0.001	386436	S178
386.639	0.001	386639	S188
389.152	0.001	389152	S155
389.354	0.001	389354	S165
391.868	0.001	391868	S152
392.071	0.001	392071	S162
394.584	0.001	394584	S154
394.787	0.001	394787	S164
397.3	0.001	397300	S156
397.503	0.001	397503	S166
400.016	0.001	400016	S151
400.218	0.001	400218	S161
402.732	0.001	402732	S157
402.934	0.001	402934	S167
405.448	0.001	405448	S154
405.651	0.001	405651	S164
408.164	0.001	408164	S173
408.366	0.001	408366	S183
408.758	0.001	408758	S254
437.765	0.001	437765	S  2
440.791	0.001	440791	S 14
440.994	0.001	440994	S 24
441.795	0.001	441795	S 34
441.997	0.001	441997	S 44
442.797	0.001	442797	S 54
442.999	0.001	442999	S 64
443.8	0.001	443800	S 74
444.002	0.001	444002	S 84
444.803	0.001	444803	S 94
446.307	0.001	446307	S104
446.509	0.001	446509	S114
447.51	0.001	447510	S254
449.329	0.001	449329	S 11
449.532	0.001	449532	S 21
450.332	0.001	450332	S 31
450.535	0.001	450535	S 41
451.335	0.001	451335	S 51
451.537	0.001	451537	S 61
452.34	0.001	452340	S 71
452.54	0.001	452540	S 81
453.341	0.001	453341	S 91
454.845	0.001	454845	S101
455.047	0.001	455047	S111
455.55	0.001	455550	S254
457.86	0.001	457860	S 16
458.063	0.001	458063	S 26
458.864	0.001	458864	S 36
459.065	0.001	459065	S 46
459.867	0.001	459867	S 56
460.068	0.001	460068	S 66
460.87	0.001	460870	S 76
461.071	0.001	461071	S 86
461.872	0.001	461872	S 96
463.376	0.001	463376	S106
463.578	0.001	463578	S116
464.903	0.001	464903	S254
466.391	0.001	466391	S 12
466.594	0.001	466594	S 22
467.395	0.001	467395	S 32
467.596	0.001	467596	S 42
468.398	0.001	468398	S 52
468.599	0.001	468599	S 62
469.4	0.001	469400	S 72
469.602	0.001	469602	S 82
470.403	0.001	470403	S 92
471.907	0.001	471907	S102
472.109	0.001	472109	S112
472.823	0.001	472823	S254
474.929	0.001	474929	S 15
475.132	0.001	475132	S 25
475.934	0.001	475934	S 35
476.135	0.001	476135	S 45
476.936	0.001	476936	S 55
477.137	0.001	477137	S 65
477.938	0.001	477938	S 75
478.14	0.001	478140	S 85
478.941	0.001	478941	S 95
480.445	0.001	480445	S105
480.647	0.001	480647	S115
481.799	0.001	481799	S254
483.467	0.001	483467	S 14
483.669	0.001	483669	S 24
484.47	0.001	484470	S 34
484.672	0.001	484672	S 44
485.478	0.001	485478	S 54
485.675	0.001	485675	S 64
486.476	0.001	486476	S 74
486.678	0.001	486678	S 84
487.479	0.001	487479	S 94
488.983	0.001	488983	S104
489.185	0.001	489185	S114
490.855	0.001	490855	S254
492.005	0.001	492005	S 16
492.207	0.001	492207	S 26
493.009	0.001	493009	S 36
493.21	0.001	493210	S 46
494.014	0.001	494014	S 56
494.213	0.001	494213	S 66
495.014	0.001	495014	S 76
495.216	0.001	495216	S 86
496.017	0.001	496017	S 96
497.521	0.001	497521	S106
497.723	0.001	497723	S116
498.807	0.001	498807	S254
500.543	0.001	500543	S 18
500.746	0.001	500746	S 28
501.546	0.001	501546	S 38
501.749	0.001	501749	S 48
502.55	0.001	502550	S 58
502.751	0.001	502751	S 68
503.56	0.001	503560	S 78
503.761	0.001	503761	S 88
504.562	0.001	504562	S 98
506.066	0.001	506066	S108
506.268	0.001	506268	S118
507.784	0.001	507784	S254
509.088	0.001	509088	S 11
509.291	0.001	509291	S 21
510.091	0.001	510091	S 31
510.293	0.001	510293	S 41
511.095	0.001	511095	S 51
511.296	0.001	511296	S 61
512.101	0.001	512101	S 71
512.299	0.001	512299	S 81
513.1	0.001	513100	S 91
514.604	0.001	514604	S101
514.806	0.001	514806	S111
515.999	0.001	515999	S254
517.626	0.001	517626	S 17
517.829	0.001	517829	S 27
518.629	0.001	518629	S 37
518.831	0.001	518831	S 47
519.632	0.001	519632	S 57
519.834	0.001	519834	S 67
520.635	0.001	520635	S 77
520.837	0.001	520837	S 87
521.638	0.001	521638	S 97
523.142	0.001	523142	S107
523.344	0.001	523344	S117
524.848	0.001	524848	S254
526.164	0.001	526164	S 18
526.367	0.001	526367	S 28
527.168	0.001	527168	S 38
527.37	0.001	527370	S 48
528.17	0.001	528170	S 58
528.372	0.001	528372	S 68
529.173	0.001	529173	S 78
529.375	0.001	529375	S 88
530.176	0.001	530176	S 98
531.68	0.001	531680	S108
531.882	0.001	531882	S118
532.791	0.001	532791	S254
534.702	0.001	534702	S 15
534.905	0.001	534905	S 25
535.705	0.001	535705	S 35
535.908	0.001	535908	S 45
536.708	0.001	536708	S 55
536.91	0.001	536910	S 65
537.711	0.001	537711	S 75
537.913	0.001	537913	S 85
538.714	0.001	538714	S 95
540.218	0.001	540218	S105
540.419	0.001	540419	S115
541.976	0.001	541976	S254
543.24	0.001	543240	S 11
543.443	0.001	543443	S 21
544.243	0.001	544243	S 31
544.445	0.001	544445	S 41
545.251	0.001	545251	S 51
545.448	0.001	545448	S 61
546.256	0.001	546256	S 71
546.458	0.001	546458	S 81
547.259	0.001	547259	S 91
548.763	0.001	548763	S101
548.964	0.001	548964	S111
550.056	0.001	550056	S254
551.785	0.001	551785	S 13
551.988	0.001	551988	S 23
552.788	0.001	552788	S 33
552.99	0.001	552990	S 43
553.791	0.001	553791	S 53
553.994	0.001	553994	S 63
554.794	0.001	554794	S 73
554.996	0.001	554996	S 83
555.797	0.001	555797	S 93
557.301	0.001	557301	S103
557.502	0.001	557502	S113
558.712	0.001	558712	S254
560.323	0.001	560323	S 16
560.525	0.001	560525	S 26
561.326	0.001	561326	S 36
561.528	0.001	561528	S 46
562.329	0.001	562329	S 56
562.531	0.001	562531	S 66
563.333	0.001	563333	S 76
563.534	0.001	563534	S 86
564.335	0.001	564335	S 96
565.839	0.001	565839	S106
566.04	0.001	566040	S116
566.72	0.001	566720	S254
568.854	0.001	568854	S 15
569.057	0.001	569057	S 25
569.858	0.001	569858	S 35
570.059	0.001	570059	S 45
570.86	0.001	570860	S 55
571.062	0.001	571062	S 65
571.864	0.001	571864	S 75
572.065	0.001	572065	S 85
572.866	0.001	572866	S 95
574.37	0.001	574370	S105
574.571	0.001	574571	S115
576.08	0.001	576080	S254
577.392	0.001	577392	S 17
577.595	0.001	577595	S 27
578.396	0.001	578396	S 37
578.597	0.001	578597	S 47
579.398	0.001	579398	S 57
579.6	0.001	579600	S 67
580.401	0.001	580401	S 77
580.603	0.001	580603	S 87
581.404	0.001	581404	S 97
582.908	0.001	582908	S107
583.109	0.001	583109	S117
584.08	0.001	584080	S254
585.93	0.001	585930	S 14
586.132	0.001	586132	S 24
586.937	0.001	586937	S 34
587.135	0.001	587135	S 44
587.936	0.001	587936	S 54
588.138	0.001	588138	S 64
588.939	0.001	588939	S 74
589.141	0.001	589141	S 84
589.942	0.001	589942	S 94
591.446	0.001	591446	S104
591.647	0.001	591647	S114
593.736	0.001	593736	S254
594.468	0.001	594468	S 18
594.67	0.001	594670	S 28
595.472	0.001	595472	S 38
595.673	0.001	595673	S 48
596.478	0.001	596478	S 58
596.676	0.001	596676	S 68
597.477	0.001	597477	S 78
597.679	0.001	597679	S 88
598.48	0.001	598480	S 98
599.984	0.001	599984	S108
600.185	0.001	600185	S118
601.616	0.001	601616	S254
603.006	0.001	603006	S 12
603.208	0.001	603208	S 22
604.009	0.001	604009	S 32
604.211	0.001	604211	S 42
605.016	0.001	605016	S 52
605.214	0.001	605214	S 62
606.015	0.001	606015	S 72
606.217	0.001	606217	S 82
607.018	0.001	607018	S 92
608.522	0.001	608522	S102
608.723	0.001	608723	S112
610.328	0.001	610328	S254
611.544	0.001	611544	S 13
611.746	0.001	611746	S 23
612.547	0.001	612547	S 33
612.749	0.001	612749	S 43
613.55	0.001	613550	S 53
613.752	0.001	613752	S 63
614.557	0.001	614557	S 73
614.755	0.001	614755	S 83
615.556	0.001	615556	S 93
617.06	0.001	617060	S103
617.261	0.001	617261	S113
618.28	0.001	618280	S254
620.082	0.001	620082	S 17
620.284	0.001	620284	S 27
621.085	0.001	621085	S 37
621.287	0.001	621287	S 47
622.088	0.001	622088	S 57
622.289	0.001	622289	S 67
623.095	0.001	623095	S 77
623.292	0.001	623292	S 87
624.094	0.001	624094	S 97
625.598	0.001	625598	S107
625.799	0.001	625799	S117
627.697	0.001	627697	S254
628.62	0.001	628620	S 12
628.822	0.001	628822	S 22
629.623	0.001	629623	S 32
629.825	0.001	629825	S 42
630.626	0.001	630626	S 52
630.828	0.001	630828	S 62
631.629	0.001	631629	S 72
631.83	0.001	631830	S 82
632.632	0.001	632632	S 92
634.136	0.001	634136	S102
634.337	0.001	634337	S112
636.361	0.001	636361	S254
637.158	0.001	637158	S 13
637.36	0.001	637360	S 23
638.162	0.001	638162	S 33
638.363	0.001	638363	S 43
639.164	0.001	639164	S 53
639.366	0.001	639366	S 63
640.167	0.001	640167	S 73
640.368	0.001	640368	S 83
641.17	0.001	641170	S 93
642.674	0.001	642674	S103
642.875	0.001	642875	S113
644.425	0.001	644425	S254
645.696	0.001	645696	S 16
645.898	0.001	645898	S 26
646.699	0.001	646699	S 36
646.902	0.001	646902	S 46
647.702	0.001	647702	S 56
647.904	0.001	647904	S 66
648.705	0.001	648705	S 76
648.907	0.001	648907	S 86
649.708	0.001	649708	S 96
651.212	0.001	651212	S106
651.413	0.001	651413	S116
652.505	0.001	652505	S254
654.234	0.001	654234	S 15
654.436	0.001	654436	S 25
655.237	0.001	655237	S 35
655.439	0.001	655439	S 45
656.244	0.001	656244	S 55
656.442	0.001	656442	S 65
657.243	0.001	657243	S 75
657.444	0.001	657444	S 85
658.246	0.001	658246	S 95
659.75	0.001	659750	S105
659.951	0.001	659951	S115
660.497	0.001	660497	S254
662.772	0.001	662772	S 13
662.974	0.001	662974	S 23
663.775	0.001	663775	S 33
663.977	0.001	663977	S 43
664.778	0.001	664778	S 53
664.983	0.001	664983	S 63
665.781	0.001	665781	S 73
665.983	0.001	665983	S 83
666.784	0.001	666784	S 93
668.288	0.001	668288	S103
668.489	0.001	668489	S113
670.121	0.001	670121	S254
671.31	0.001	671310	S 12
671.512	0.001	671512	S 22
672.313	0.001	672313	S 32
672.515	0.001	672515	S 42
673.316	0.001	673316	S 52
673.518	0.001	673518	S 62
674.323	0.001	674323	S 72
674.521	0.001	674521	S 82
675.322	0.001	675322	S 92
676.826	0.001	676826	S102
677.027	0.001	677027	S112
678.449	0.001	678449	S254
679.848	0.001	679848	S 11
680.05	0.001	680050	S 21
680.851	0.001	680851	S 31
681.053	0.001	681053	S 41
681.854	0.001	681854	S 51
682.056	0.001	682056	S 61
682.858	0.001	682858	S 71
683.059	0.001	683059	S 81
683.86	0.001	683860	S 91
685.364	0.001	685364	S101
685.565	0.001	685565	S111
686.777	0.001	686777	S254
688.386	0.001	688386	S 14
688.588	0.001	688588	S 24
689.39	0.001	689390	S 34
689.591	0.001	689591	S 44
690.392	0.001	690392	S 54
690.594	0.001	690594	S 64
691.395	0.001	691395	S 74
691.597	0.001	691597	S 84
692.398	0.001	692398	S 94
693.902	0.001	693902	S104
694.103	0.001	694103	S114
695.162	0.001	695162	S254
696.924	0.001	696924	S 18
697.126	0.001	697126	S 28
697.928	0.001	697928	S 38
698.129	0.001	698129	S 48
698.93	0.001	698930	S 58
699.132	0.001	699132	S 68
699.933	0.001	699933	S 78
700.135	0.001	700135	S 88
700.936	0.001	700936	S 98
702.44	0.001	702440	S108
702.641	0.001	702641	S118
703.522	0.001	703522	S254
705.462	0.001	705462	S 17
705.664	0.001	705664	S 27
706.465	0.001	706465	S 37
706.667	0.001	706667	S 47
707.47	0.001	707470	S 57
707.67	0.001	707670	S 67
708.471	0.001	708471	S 77
708.673	0.001	708673	S 87
709.474	0.001	709474	S 97
710.978	0.001	710978	S107
711.179	0.001	711179	S117
712.162	0.001	712162	S254
739.761	0.001	739761	S  1
742.789	0.001	742789	S 17
742.992	0.001	742992	S 27
743.793	0.001	743793	S 37
743.995	0.001	743995	S 47
744.796	0.001	744796	S 57
744.997	0.001	744997	S 67
745.798	0.001	745798	S 77
746	0.001	746000	S 87
746.801	0.001	746801	S 97
748.305	0.001	748305	S107
748.507	0.001	748507	S117
749.57	0.001	749570	S254
751.327	0.001	751327	S 14
751.529	0.001	751529	S 24
752.331	0.001	752331	S 34
752.533	0.001	752533	S 44
753.334	0.001	753334	S 54
753.535	0.001	753535	S 64
754.336	0.001	754336	S 74
754.538	0.001	754538	S 84
755.339	0.001	755339	S 94
756.843	0.001	756843	S104
757.045	0.001	757045	S114
758.698	0.001	758698	S254
759.865	0.001	759865	S 17
760.068	0.001	760068	S 27
760.869	0.001	760869	S 37
761.071	0.001	761071	S 47
761.872	0.001	761872	S 57
762.073	0.001	762073	S 67
762.874	0.001	762874	S 77
763.076	0.001	763076	S 87
763.877	0.001	763877	S 97
765.381	0.001	765381	S107
765.583	0.001	765583	S117
766.338	0.001	766338	S254
768.403	0.001	768403	S 17
768.606	0.001	768606	S 27
769.406	0.001	769406	S 37
769.609	0.001	769609	S 47
770.413	0.001	770413	S 57
770.611	0.001	770611	S 67
771.412	0.001	771412	S 77
771.614	0.001	771614	S 87
772.415	0.001	772415	S 97
773.919	0.001	773919	S107
774.121	0.001	774121	S117
774.986	0.001	774986	S254
776.941	0.001	776941	S 12
777.144	0.001	777144	S 22
777.945	0.001	777945	S 32
778.147	0.001	778147	S 42
778.949	0.001	778949	S 52
779.15	0.001	779150	S 62
779.95	0.001	779950	S 72
780.152	0.001	780152	S 82
780.953	0.001	780953	S 92
782.458	0.001	782458	S102
782.659	0.001	782659	S112
784.531	0.001	784531	S254
785.479	0.001	785479	S 12
785.682	0.001	785682	S 22
786.482	0.001	786482	S 32
786.685	0.001	786685	S 42
787.485	0.001	787485	S 52
787.687	0.001	787687	S 62
788.49	0.001	788490	S 72
788.69	0.001	788690	S 82
789.491	0.001	789491	S 92
790.995	0.001	790995	S102
791.197	0.001	791197	S112
792.307	0.001	792307	S254
794.017	0.001	794017	S 13
794.22	0.001	794220	S 23
795.02	0.001	795020	S 33
795.223	0.001	795223	S 43
796.024	0.001	796024	S 53
796.225	0.001	796225	S 63
797.027	0.001	797027	S 73
797.228	0.001	797228	S 83
798.029	0.001	798029	S 93
799.533	0.001	799533	S103
799.735	0.001	799735	S113
801.243	0.001	801243	S254
802.548	0.001	802548	S 15
802.75	0.001	802750	S 25
803.552	0.001	803552	S 35
803.754	0.001	803754	S 45
804.555	0.001	804555	S 55
804.756	0.001	804756	S 65
805.557	0.001	805557	S 75
805.759	0.001	805759	S 85
806.56	0.001	806560	S 95
808.064	0.001	808064	S105
808.266	0.001	808266	S115
809.291	0.001	809291	S254
811.086	0.001	811086	S 14
811.289	0.001	811289	S 24
812.098	0.001	812098	S 34
812.299	0.001	812299	S 44
813.099	0.001	813099	S 54
813.301	0.001	813301	S 64
814.102	0.001	814102	S 74
814.304	0.001	814304	S 84
815.105	0.001	815105	S 94
816.609	0.001	816609	S104
816.811	0.001	816811	S114
818.483	0.001	818483	S254
819.631	0.001	819631	S 17
819.834	0.001	819834	S 27
820.634	0.001	820634	S 37
820.837	0.001	820837	S 47
821.642	0.001	821642	S 57
821.839	0.001	821839	S 67
822.64	0.001	822640	S 77
822.842	0.001	822842	S 87
823.643	0.001	823643	S 97
825.147	0.001	825147	S107
825.349	0.001	825349	S117
827.235	0.001	827235	S254
828.169	0.001	828169	S 11
828.372	0.001	828372	S 21
829.172	0.001	829172	S 31
829.374	0.001	829374	S 41
830.18	0.001	830180	S 51
830.377	0.001	830377	S 61
831.178	0.001	831178	S 71
831.38	0.001	831380	S 81
832.181	0.001	832181	S 91
833.685	0.001	833685	S101
833.887	0.001	833887	S111
835.019	0.001	835019	S254
836.707	0.001	836707	S 15
836.91	0.001	836910	S 25
837.71	0.001	837710	S 35
837.913	0.001	837913	S 45
838.713	0.001	838713	S 55
838.916	0.001	838916	S 65
839.716	0.001	839716	S 75
839.918	0.001	839918	S 85
840.719	0.001	840719	S 95
842.223	0.001	842223	S105
842.425	0.001	842425	S115
843.523	0.001	843523	S254
845.245	0.001	845245	S 16
845.448	0.001	845448	S 26
846.248	0.001	846248	S 36
846.45	0.001	846450	S 46
847.251	0.001	847251	S 56
847.453	0.001	847453	S 66
848.258	0.001	848258	S 76
848.456	0.001	848456	S 86
849.257	0.001	849257	S 96
850.761	0.001	850761	S106
850.963	0.001	850963	S116
851.883	0.001	851883	S254
853.783	0.001	853783	S 13
853.989	0.001	853989	S 23
854.786	0.001	854786	S 33
854.988	0.001	854988	S 43
855.789	0.001	855789	S 53
855.991	0.001	855991	S 63
856.792	0.001	856792	S 73
856.994	0.001	856994	S 83
857.795	0.001	857795	S 93
859.299	0.001	859299	S103
859.501	0.001	859501	S113
861.244	0.001	861244	S254
862.321	0.001	862321	S 18
862.524	0.001	862524	S 28
863.325	0.001	863325	S 38
863.527	0.001	863527	S 48
864.327	0.001	864327	S 58
864.529	0.001	864529	S 68
865.33	0.001	865330	S 78
865.532	0.001	865532	S 88
866.333	0.001	866333	S 98
867.837	0.001	867837	S108
868.039	0.001	868039	S118
868.931	0.001	868931	S254
870.859	0.001	870859	S 12
871.061	0.001	871061	S 22
871.862	0.001	871862	S 32
872.065	0.001	872065	S 42
872.865	0.001	872865	S 52
873.067	0.001	873067	S 62
873.868	0.001	873868	S 72
874.07	0.001	874070	S 82
874.871	0.001	874871	S 92
876.375	0.001	876375	S102
876.577	0.001	876577	S112
877.78	0.001	877780	S254
879.397	0.001	879397	S 16
879.6	0.001	879600	S 26
880.4	0.001	880400	S 36
880.602	0.001	880602	S 46
881.408	0.001	881408	S 56
881.605	0.001	881605	S 66
882.406	0.001	882406	S 76
882.608	0.001	882608	S 86
883.409	0.001	883409	S 96
884.913	0.001	884913	S106
885.114	0.001	885114	S116
886.1	0.001	886100	S254
887.935	0.001	887935	S 15
888.137	0.001	888137	S 25
888.938	0.001	888938	S 35
889.14	0.001	889140	S 45
889.942	0.001	889942	S 55
890.143	0.001	890143	S 65
890.944	0.001	890944	S 75
891.146	0.001	891146	S 85
891.947	0.001	891947	S 95
893.451	0.001	893451	S105
893.653	0.001	893653	S115
895.412	0.001	895412	S254
896.473	0.001	896473	S 11
896.675	0.001	896675	S 21
897.476	0.001	897476	S 31
897.678	0.001	897678	S 41
898.479	0.001	898479	S 51
898.681	0.001	898681	S 61
899.486	0.001	899486	S 71
899.684	0.001	899684	S 81
900.485	0.001	900485	S 91
901.989	0.001	901989	S101
902.19	0.001	902190	S111
903.917	0.001	903917	S254
905.011	0.001	905011	S 16
905.214	0.001	905214	S 26
906.014	0.001	906014	S 36
906.216	0.001	906216	S 46
907.017	0.001	907017	S 56
907.219	0.001	907219	S 66
908.024	0.001	908024	S 76
908.222	0.001	908222	S 86
909.023	0.001	909023	S 96
910.527	0.001	910527	S106
910.728	0.001	910728	S116
912.668	0.001	912668	S254
913.549	0.001	913549	S 14
913.752	0.001	913752	S 24
914.553	0.001	914553	S 34
914.754	0.001	914754	S 44
915.555	0.001	915555	S 54
915.757	0.001	915757	S 64
916.558	0.001	916558	S 74
916.76	0.001	916760	S 84
917.561	0.001	917561	S 94
919.065	0.001	919065	S104
919.266	0.001	919266	S114
920.428	0.001	920428	S254
922.087	0.001	922087	S 18
922.289	0.001	922289	S 28
923.091	0.001	923091	S 38
923.292	0.001	923292	S 48
924.093	0.001	924093	S 58
924.295	0.001	924295	S 68
925.096	0.001	925096	S 78
925.298	0.001	925298	S 88
926.099	0.001	926099	S 98
927.603	0.001	927603	S108
927.804	0.001	927804	S118
929.148	0.001	929148	S254
930.625	0.001	930625	S 18
930.828	0.001	930828	S 28
931.628	0.001	931628	S 38
931.83	0.001	931830	S 48
932.635	0.001	932635	S 58
932.833	0.001	932833	S 68
933.634	0.001	933634	S 78
933.836	0.001	933836	S 88
934.637	0.001	934637	S 98
936.141	0.001	936141	S108
936.342	0.001	936342	S118
938.077	0.001	938077	S254
939.163	0.001	939163	S 18
939.365	0.001	939365	S 28
940.166	0.001	940166	S 38
940.368	0.001	940368	S 48
941.173	0.001	941173	S 58
941.371	0.001	941371	S 68
942.172	0.001	942172	S 78
942.374	0.001	942374	S 88
943.175	0.001	943175	S 98
944.679	0.001	944679	S108
944.88	0.001	944880	S118
946.772	0.001	946772	S254
947.701	0.001	947701	S 16
947.903	0.001	947903	S 26
948.704	0.001	948704	S 36
948.906	0.001	948906	S 46
949.707	0.001	949707	S 56
949.91	0.001	949910	S 66
950.71	0.001	950710	S 76
950.912	0.001	950912	S 86
951.713	0.001	951713	S 96
953.217	0.001	953217	S106
953.418	0.001	953418	S116
954.436	0.001	954436	S254
956.239	0.001	956239	S 11
956.441	0.001	956441	S 21
957.243	0.001	957243	S 31
957.444	0.001	957444	S 41
958.245	0.001	958245	S 51
958.446	0.001	958446	S 61
959.252	0.001	959252	S 71
959.45	0.001	959450	S 81
960.251	0.001	960251	S 91
961.755	0.001	961755	S101
961.956	0.001	961956	S111
962.653	0.001	962653	S254
964.777	0.001	964777	S 13
964.981	0.001	964981	S 23
965.78	0.001	965780	S 33
965.982	0.001	965982	S 43
966.783	0.001	966783	S 53
966.985	0.001	966985	S 63
967.786	0.001	967786	S 73
967.988	0.001	967988	S 83
968.789	0.001	968789	S 93
970.293	0.001	970293	S103
970.494	0.001	970494	S113
972.325	0.001	972325	S254
973.315	0.001	973315	S 15
973.517	0.001	973517	S 25
974.319	0.001	974319	S 35
974.52	0.001	974520	S 45
975.321	0.001	975321	S 55
975.523	0.001	975523	S 65
976.324	0.001	976324	S 75
976.526	0.001	976526	S 85
977.327	0.001	977327	S 95
978.831	0.001	978831	S105
979.032	0.001	979032	S115
980.205	0.001	980205	S254
981.853	0.001	981853	S 14
982.055	0.001	982055	S 24
982.856	0.001	982856	S 34
983.059	0.001	983059	S 44
983.859	0.001	983859	S 54
984.061	0.001	984061	S 64
984.862	0.001	984862	S 74
985.063	0.001	985063	S 84
985.865	0.001	985865	S 94
987.369	0.001	987369	S104
987.57	0.001	987570	S114
988.965	0.001	988965	S254
990.391	0.001	990391	S 12
990.593	0.001	990593	S 22
991.394	0.001	991394	S 32
991.596	0.001	991596	S 42
992.401	0.001	992401	S 52
992.599	0.001	992599	S 62
993.4	0.001	993400	S 72
993.602	0.001	993602	S 82
994.403	0.001	994403	S 92
995.907	0.001	995907	S102
996.108	0.001	996108	S112
997.845	0.001	997845	S254
998.929	0.001	998929	S 13
999.131	0.001	999131	S 23
999.932	0.001	999932	S 33
1000.134	0.001	1000134	S 43
1000.936	0.001	1000936	S 53
1001.137	0.001	1001137	S 63
1001.938	0.001	1001938	S 73
1002.14	0.001	1002140	S 83
1002.941	0.001	1002941	S 93
1004.445	0.001	1004445	S103
1004.646	0.001	1004646	S113
1006.109	0.001	1006109	S254
1007.467	0.001	1007467	S 11
1007.669	0.001	1007669	S 21
1008.47	0.001	1008470	S 31
1008.672	0.001	1008672	S 41
1009.473	0.001	1009473	S 51
1009.675	0.001	1009675	S 61
1010.48	0.001	1010480	S 71
1010.678	0.001	1010678	S 81
1011.479	0.001	1011479	S 91
1012.982	0.001	1012982	S101
1013.184	0.001	1013184	S111
1015.901	0.001	1015901	S254
